purchase_day;tickets_sold;revenue;avg_basket;avg_lead_time;tx_count
05/01/2026;2;67.63;67.63;66.0;1
11/01/2026;1;34.15;34.15;60.0;1
12/01/2026;1;17.14;17.14;57.0;1
16/01/2026;5;76.1;38.05;56.5;2
17/01/2026;3;44.45;22.225;55.5;2
18/01/2026;1;17.15;17.15;72.0;1
19/01/2026;1;13.49;13.49;57.0;1
20/01/2026;2;23.0;23.0;46.0;1
21/01/2026;2;22.21;22.21;45.0;1
23/01/2026;7;120.12;40.04;50.0;3
24/01/2026;2;66.96;66.96;47.0;1
25/01/2026;10;147.3;24.55;45.166666666666664;6
26/01/2026;5;66.61;22.203333333333333;50.0;3
27/01/2026;4;53.78;13.445;48.75;4
28/01/2026;8;76.47;15.294;42.6;5
29/01/2026;9;111.03;27.7575;45.25;4
31/01/2026;8;97.56;24.39;43.25;4
01/02/2026;8;147.04000000000002;29.408000000000005;44.0;5
02/02/2026;4;81.82;40.91;39.5;2
03/02/2026;6;89.44999999999999;29.816666666666663;40.666666666666664;3
04/02/2026;9;192.89999999999998;24.112499999999997;36.75;8
05/02/2026;2;27.73;27.73;40.0;1
06/02/2026;7;165.95;41.4875;42.0;4
07/02/2026;15;268.99;38.42714285714286;36.0;7
08/02/2026;9;127.82000000000001;18.26;34.285714285714285;7
09/02/2026;15;382.14;38.214;34.2;10
10/02/2026;14;194.36;24.295;31.625;8
11/02/2026;28;440.28;25.898823529411764;34.64705882352941;17
12/02/2026;13;199.13;19.913;35.7;10
13/02/2026;18;275.65999999999997;25.06;30.818181818181817;11
14/02/2026;23;371.45;30.954166666666666;35.083333333333336;12
15/02/2026;31;524.88;30.87529411764706;33.1764705882353;17
16/02/2026;21;286.53;19.101999999999997;31.066666666666666;15
17/02/2026;16;327.90000000000003;27.325000000000003;31.0;12
18/02/2026;28;448.05;23.58157894736842;26.94736842105263;19
19/02/2026;37;692.97;30.12913043478261;23.565217391304348;23
20/02/2026;29;461.05;28.815625;24.25;16
21/02/2026;49;1022.51;39.32730769230769;21.384615384615383;26
22/02/2026;38;793.53;39.6765;19.95;20
23/02/2026;28;353.42;20.789411764705882;32.0;17
24/02/2026;46;759.09;27.110357142857143;22.035714285714285;28
25/02/2026;52;1105.72;44.2288;21.12;25
26/02/2026;41;559.11;25.41409090909091;20.863636363636363;22
27/02/2026;59;1103.17;36.772333333333336;17.866666666666667;30
28/02/2026;34;659.97;29.998636363636365;21.727272727272727;22
01/03/2026;49;853.55;27.533870967741933;15.548387096774194;31
02/03/2026;33;577.48;27.49904761904762;19.428571428571427;21
03/03/2026;52;863.36;26.162424242424244;17.393939393939394;33
04/03/2026;64;1132.64;39.05655172413793;16.275862068965516;29
05/03/2026;56;937.36;29.2925;17.46875;32
06/03/2026;66;1295.88;33.22769230769231;16.76923076923077;39
07/03/2026;53;877.87;30.271379310344827;19.96551724137931;29
08/03/2026;68;1194.27;34.122;17.942857142857143;35
09/03/2026;94;1817.65;34.29528301886793;9.339622641509434;53
10/03/2026;57;992.84;28.366857142857143;16.714285714285715;35
11/03/2026;73;1487.59;40.20513513513513;15.08108108108108;37
12/03/2026;58;955.23;28.946363636363635;22.636363636363637;33
13/03/2026;67;1143.09;26.583488372093022;16.627906976744185;43
14/03/2026;62;982.58;21.83511111111111;15.511111111111111;45
15/03/2026;55;1002.0;32.32258064516129;17.580645161290324;31
16/03/2026;148;2297.41;31.04608108108108;8.662162162162161;74
17/03/2026;65;868.08;24.113333333333333;23.22222222222222;36
18/03/2026;51;1050.28;37.51;22.571428571428573;28
19/03/2026;88;1263.58;26.884680851063827;14.957446808510639;47
20/03/2026;58;1059.93;30.283714285714286;20.485714285714284;35
21/03/2026;51;791.24;27.284137931034483;22.413793103448278;29
22/03/2026;70;1230.39;33.25378378378379;20.08108108108108;37
23/03/2026;68;1107.31;29.13973684210526;17.42105263157895;38
24/03/2026;80;1266.57;28.145999999999997;20.91111111111111;45
25/03/2026;60;979.65;25.119230769230768;19.897435897435898;39
26/03/2026;52;871.21;23.546216216216216;16.675675675675677;37
27/03/2026;65;1077.79;27.635641025641025;24.46153846153846;39
28/03/2026;83;1584.16;33.70553191489362;15.553191489361701;47
29/03/2026;75;1387.1;30.154347826086955;13.434782608695652;46
30/03/2026;86;1657.97;30.70314814814815;11.37037037037037;54
31/03/2026;77;1390.54;30.229130434782608;16.304347826086957;46
01/04/2026;63;1462.52;40.62555555555556;9.444444444444445;36
02/04/2026;56;962.37;30.0740625;17.375;32
03/04/2026;70;1433.9099999999999;29.873124999999998;15.791666666666666;48
04/04/2026;65;1280.68;31.23609756097561;15.75609756097561;41
05/04/2026;73;1074.54;25.584285714285713;14.333333333333334;42
06/04/2026;65;1224.89;27.838409090909092;16.09090909090909;44
07/04/2026;149;2323.62;27.995421686746987;7.265060240963855;83
08/04/2026;68;1304.0;35.24324324324324;16.324324324324323;37
09/04/2026;79;1214.1;26.393478260869564;14.043478260869565;46
10/04/2026;86;1677.39;33.5478;15.2;50
11/04/2026;166;2523.82;26.566526315789474;4.852631578947369;95
12/04/2026;30;685.09;38.06055555555556;23.333333333333332;18
13/04/2026;43;1022.11;36.503928571428574;23.928571428571427;28
14/04/2026;71;1509.56;44.398823529411764;24.058823529411764;34
15/04/2026;43;782.08;34.003478260869564;23.52173913043478;23
16/04/2026;53;1215.72;37.99125;21.625;32
17/04/2026;37;1008.21;45.82772727272727;19.90909090909091;22
18/04/2026;53;1143.26;39.422758620689656;20.82758620689655;29
19/04/2026;56;1119.9;32.938235294117646;22.0;34
20/04/2026;82;1647.81;43.36342105263158;21.473684210526315;38
21/04/2026;76;1939.74;44.085;18.545454545454547;44
22/04/2026;69;1637.1100000000001;39.92951219512195;14.048780487804878;41
23/04/2026;154;4525.84;47.64042105263158;9.894736842105264;95
24/04/2026;48;1006.1800000000001;32.45741935483871;24.322580645161292;31
25/04/2026;59;1227.72;35.077714285714286;24.34285714285714;35
26/04/2026;65;1455.35;42.80441176470588;23.58823529411765;34
27/04/2026;63;1444.27;40.11861111111111;20.72222222222222;36
28/04/2026;69;1460.03;33.95418604651163;20.558139534883722;43
29/04/2026;90;1852.82;37.81265306122449;17.408163265306122;49
30/04/2026;62;1333.99;39.235;18.529411764705884;34
01/05/2026;148;2590.0;33.205128205128204;12.948717948717949;78
02/05/2026;74;1696.67;37.70377777777778;19.42222222222222;45
03/05/2026;59;1495.34;45.31333333333333;18.454545454545453;33
04/05/2026;68;1574.91;37.49785714285714;19.88095238095238;42
05/05/2026;88;2059.29;38.135;16.87037037037037;54
06/05/2026;77;1757.55;40.873255813953485;15.906976744186046;43
07/05/2026;80;1867.17;43.422558139534885;17.069767441860463;43
08/05/2026;73;1563.07;38.12365853658537;15.24390243902439;41
09/05/2026;90;1997.08;35.036491228070176;14.368421052631579;57
10/05/2026;72;1529.26;31.859583333333333;13.625;48
11/05/2026;99;1986.78;33.113;11.483333333333333;60
12/05/2026;59;1379.71;33.65146341463415;13.951219512195122;41
13/05/2026;77;1672.65;38.01477272727273;11.431818181818182;44
14/05/2026;83;1892.19;37.10176470588235;9.098039215686274;51
15/05/2026;85;1772.3;37.708510638297874;12.46808510638298;47
16/05/2026;98;1941.08;36.624150943396224;11.30188679245283;53
17/05/2026;205;4675.49;38.64041322314049;4.421487603305785;121
18/05/2026;42;701.4;30.495652173913044;18.0;23
19/05/2026;71;1345.59;32.03785714285714;15.452380952380953;42
20/05/2026;47;946.5699999999999;33.80607142857143;17.642857142857142;28
21/05/2026;93;1932.45;36.46132075471698;12.830188679245284;53
22/05/2026;48;814.69;28.092758620689658;21.06896551724138;29
23/05/2026;42;609.17;25.38208333333333;19.75;24
24/05/2026;33;559.67;29.45631578947368;20.473684210526315;19
25/05/2026;63;994.96;28.42742857142857;14.2;35
26/05/2026;48;798.44;28.51571428571429;13.714285714285714;28
27/05/2026;70;1094.82;28.811052631578946;14.368421052631579;38
28/05/2026;71;1220.8700000000001;33.91305555555556;13.972222222222221;36
29/05/2026;137;2135.48;26.042439024390244;7.780487804878049;82
30/05/2026;50;936.8000000000001;28.38787878787879;16.242424242424242;33
31/05/2026;49;891.82;29.727333333333334;15.433333333333334;30
01/06/2026;53;955.12;29.8475;16.84375;32
02/06/2026;46;787.81;24.6190625;16.78125;32
03/06/2026;48;906.95;27.483333333333334;15.242424242424242;33
04/06/2026;60;1171.15;33.46142857142858;9.82857142857143;35
05/06/2026;56;924.6899999999999;34.24777777777778;15.296296296296296;27
06/06/2026;38;664.49;28.890869565217393;15.26086956521739;23
07/06/2026;69;1173.59;31.718648648648646;12.945945945945946;37
08/06/2026;33;530.91;25.28142857142857;13.761904761904763;21
09/06/2026;61;1064.27;34.33129032258064;12.161290322580646;31
10/06/2026;39;615.05;23.65576923076923;11.692307692307692;26
11/06/2026;34;613.85;32.30789473684211;9.105263157894736;19
12/06/2026;85;1540.7;39.50512820512821;8.794871794871796;39
13/06/2026;61;1162.75;33.22142857142857;7.2;35
14/06/2026;171;2949.4;33.13932584269663;2.7752808988764044;89
15/06/2026;28;406.48;25.405;11.625;16
16/06/2026;30;357.38;21.02235294117647;10.411764705882353;17
17/06/2026;32;443.93;24.662777777777777;7.388888888888889;18
18/06/2026;48;716.56;23.88533333333333;3.1666666666666665;30
19/06/2026;11;123.41;17.63;9.0;7
20/06/2026;10;105.99;17.665;8.0;6
21/06/2026;13;125.66;17.951428571428572;6.428571428571429;7
22/06/2026;10;107.44;21.488;6.0;5
23/06/2026;13;239.8;34.25714285714286;4.428571428571429;7
24/06/2026;16;174.29000000000002;17.429000000000002;4.0;10
25/06/2026;33;544.62;28.664210526315788;1.8421052631578947;19
26/06/2026;14;158.08999999999997;19.761249999999997;2.0;8
27/06/2026;89;923.63;16.793272727272726;0.10909090909090909;55
